-0.62981, 50.98982, The Horse Guards Inn, GB-Tilllington, +44 1798 342332
-0.99378, 51.86405, The Crooked Billet, GB-Ham Green, +44 1296 770239
-3.66330, 50.40181, The Durant Arms, GB-Ashprington, +44 1803 732240
-2.82295, 50.72290, The Anchor Inn, GB-Seatown, +44 1297 489215
-2.40765, 50.81802, The Brace of Pheasants, GB-Plush, +44 1300 348357
-0.88779, 53.13240, The Caunton Beck, GB-Caunton, +44 1636 636793
-0.96454, 52.89067, The Martin Arms, GB-Colston Bassett, +44 1949 81361
-0.36432, 52.78899, The Wishing Well, GB-Dyke, +44 1778 422970
-2.58796, 51.19678, The Bull Terrier, GB-Croscombe, +44 1749 343658
-1.67575, 53.21322, The Rutland Arms Hotel, GB-Bakewell, +44 1629 812812
0.13910, 52.20241, The Cambridge Blue, GB-Cambridge, +44 1223 361382
0.56610, 52.01091, The White Hart, GB-Great Yeldham, +44 1787 237250
-2.26518, 51.92405, The Queens Arms, GB-Ashleworth, +44 1452 700395
-1.78444, 52.16809, The Bell Inn, GB-Welford, +44 1789 750353
-0.59091, 51.28268, The Jolly Farmer, GB-Worplesdon, +44 1483 234658
-0.89068, 52.24413, The Windmill, GB-Badby, +44 1327 702363
0.08564, 50.84700, The Ram, GB-Firle, +44 1273 858222
-3.67383, 50.39622, The Watermans Arms, GB-Ashprington, +44 1803 732214
-2.60647, 50.83858, The Acorn Inn, GB-Evershot, +44 1935 83228
-2.09896, 51.58487, The Old Bell Hotel, GB-Malmesbury, +44 1666 822344
0.38073, 51.22353, The Bush Blackbird and Thrush, GB-East Peckham, +44 1622 871349
0.89854, 52.93733, The Three Horseshoes, GB-Warham, +44 1328 710547
-2.55460, 51.35579, The Carpenters Arms, GB-Stanton Wick, +44 1761 490202
0.11571, 52.20165, The Anchor, GB-Cambridge, +44 1223 353554
0.63713, 52.17118, The Plough Inn, GB-Rede, +44 1284 789208
-2.74838, 50.88211, The Manor Arms Hotel, GB-North Perrott, +44 1460 74055
0.40595, 51.52415, The Bell Inn, GB-Hordon on the Hill, +44 1375 642463
-0.90916, 52.52582, The Bakers Arms, GB-Thorpe Langton, +44 1858 545201
-5.17414, 50.11043, Trengilly Wartha, GB-Constantine, +44 1326 340332
-2.33615, 53.17529, The Bears Head Hotel, GB-Brereton, +44 1477 544732
-2.65289, 50.90866, The Helyar Arms, GB-East Coker, +44 1935 862332
-0.11232, 51.85746, The George and Dragon, GB-Watton on Stone, +44 1920 830285
1.13800, 52.34452, The Cornwallis Arms, GB-Brome, +44 1379 870326
-1.14313, 54.12659, The Durham Ox, GB-Crayke, +44 1347 821506
0.53425, 51.81617, The Square and Compasses, GB-Fairstead, +44 1245 361477
-1.13001, 51.68064, The Crazy Bear, GB-Stadhampton, +44 1865 890714
-2.28626, 51.26518, The Woolpack Inn, GB-Beckington, +44 1373 831244
-2.12276, 51.27091, The Duke of Bratton, GB-Bratton, +44 1380 830242
-2.40230, 52.59997, The Hundred House Hotel, GB-Norton, +44 1952 730353
0.91637, 52.05998, The Bell, GB-Kersey, +44 1473 823229
-2.98158, 52.23070, The Stagg Inn, GB-Titley, +44 1544 230221
0.27469, 51.27788, The Harrow Inn, GB-Igtham, +44 1732 885912
-0.85361, 52.87168, The Red Lion, GB-Stathern, +44 1949 861579
-2.85344, 54.31354, The Punch Bowl Inn, GB-Crosthwaite, +44 1539 568237
-1.04245, 51.96385, The White Hart, GB-Preston Bisset, +44 1280 847969
1.49903, 52.16871, The Crown Inn, GB-Snape, +44 1728 688324
-2.42230, 52.03639, The Feathers, GB-Ledbury, +44 1531 635266
-1.00551, 51.78612, The Mole and Chicken, GB-Easington, +44 1844 208387
-2.59204, 52.14240, The Three Crowns, GB-Bleak Acre, +44 1432 820279
-1.31849, 52.44273, The Bell Inn, GB-Monks Kirby, +44 1788 832352
-0.23049, 51.49432, The Stonemasons Arms, GB-Hammersmith, +44 20 8748 1397
-0.52984, 51.77893, The Alford Arms, GB-Frithsden, +44 1442 864480
-1.80798, 51.29488, The Antelope Inn, GB-Upavon, +44 1980 630206
-4.28303, 50.64323, The Arundell Arms, GB-Lifton, +44 1566 784666
-1.08595, 52.70038, The Gate Hangs Well, GB-Syston, +44 116 260 9242
-1.28501, 52.21307, The Holly Bush Inn, GB-Priors Marston, +44 1327 260934
0.07566, 52.03146, The Pheasant, GB-Great Chishill, +44 1763 838535
-1.14892, 51.57603, The Beetle and Wedge, GB-Moulsford, +44 1491 651381
-4.83625, 50.51657, The Swan Hotel, GB-Wadebridge, +44 1208 812526
0.66660, 52.96664, The White Horse, GB-Brancaster, +44 1485 210262
-3.59302, 50.55420, The Old Rydon Inn, GB-Kingsteignton, +44 1626 354626
-0.87499, 53.04050, The Pauncefote Arms, GB-East Stoke, +44 1636 525226
-3.65243, 50.26710, The Start Bay Inn, GB-Torncross, +44 1548 580553
-2.63424, 52.64054, Cholmondeley Riverside Inn, GB-Cressage, +44 1952 510900
-0.15355, 51.54126, The Landsdowne, GB-Regents Park, +44 20 7483 0409
-0.62812, 52.76233, The Blue Cow Inn, GB-South Witham, +44 1572 768432
-0.10719, 51.51418, Ye Olde Cheshire Cheese, GB-Fleet Street, +44 20 7353 6170
-3.00190, 54.40278, The Drunken Duck, GB-Barngates, +44 1539 436347
-2.90517, 54.42593, The Queens Head Hotel, GB-Troutbeck, +44 1539 432174
-2.41988, 50.79709, The Puddle Inn, GB-Piddletrenthide, +44 1300 348468
-3.39353, 50.75031, The Jack in the Green Inn, GB-Rockbeare, +44 1404 822240
-1.47639, 52.60252, The Cock, GB-Sibson, +44 1827 880357
-3.32412, 50.98500, The Globe, GB-Appley, +44 1823 672327
-0.73821, 50.98771, The Angel Hotel, GB-Midhurst, +44 1730 812421
0.15855, 51.97359, The Cricketers, GB-Clavering, +44 1799 550442
-2.43527, 55.18077, The Blackcock Inn, GB-Falstone, +44 1434 240200
-3.39030, 50.82620, The Merry Harriers, GB-Westcott, +44 1392 881100
-0.75653, 52.89808, The Chequers, GB-Woolsthorpe, +44 1476 870701
-2.90205, 54.29839, The Mason Arms, GB-Cartmel Fell, +44 1539 568486
-0.68087, 53.32565, The Cross Keys, GB-Stow, +44 1427 788314
-0.68111, 51.02885, The Lickford Inn, GB-Lickford, +44 1798 861285
-1.39270, 54.17211, The Crab & Lobster, GB-Asenby, +44 1845 577286
-2.92219, 51.04300, The Rose and Crown, GB-Woodhill, +44 1823 490296
-0.68910, 51.57464, The Chequers, GB-Wooburn Common, +44 1628 529575
-0.92907, 51.02091, The Harrow Inn, GB-Steep, +44 1730 262685
-0.10748, 51.51818, The Olde Mitre Tavern, GB-Clarkenwell, +44 20 7405 4751
-2.77515, 51.43113, The Moorend Spout, GB-Nailsea, +44 1275 790206
-1.29495, 53.05768, The Red Lion, GB-Bagthorpe, +44 1773 810482
-0.00422, 53.36698, Ye Olde Whyte Swanne, GB-Louth, +44 1507 601312
-2.06203, 52.84735, The Holly Bush Inn, GB-Salt, +44 1889 508234
-2.69612, 52.30671, The Roebuck Inn, GB-Brimfield, +44 1584 711230
-1.16934, 50.91386, The Roebuck Inn, GB-Kingsmead, +44 1329 832150
-1.59972, 51.85354, Lamb Inn, GB-Shipston under Wychwood, +44 1993 830465
0.59265, 51.93557, The Green Man, GB-Gosfield, +44 1787 472746
-1.99019, 51.13927, The Bell Inn, GB-Wylye, +44 1985 248338
-1.77377, 50.92060, The Three Lions, GB-Stuckton, +44 1425 652489
0.30680, 51.24769, The Kentish Rifleman, GB-Dunks Green, +44 1732 810727
-0.20054, 51.47440, The White Horse, GB-Fulham, +44 20 7736 2115
-2.39111, 51.24134, The Talbot Inn, GB-Mells, +44 1373 812254
-1.27560, 51.98718, The Great Western Arms, GB-Aynho Wharf, +44 1869 338288
-5.31901, 56.00590, The Oystercatcher, GB-Otter Ferry, +44 1700 821229
-0.45505, 51.37820, The Old Crown, GB-Weybridge, +44 1932 842844
-1.69103, 52.09118, The Howard Arms, GB-Ilmington, +44 1608 682226
-0.95049, 53.86886, The Jefferson Arms, GB-Thorganby, +44 1904 448316
-2.03177, 51.36337, The George and Dragon, GB-Rowde, +44 1380 723053
-2.85161, 54.60178, The Brackenrigg Inn, GB-Watermillock, +44 1768 486206
1.25331, 52.00508, The Ship Inn, GB-Levington, +44 1473 659573
-2.43742, 53.28003, The Smoker, GB-Plumbley, +44 1565 722338
-0.92604, 51.84551, The Five Arrows Hotel, GB-Waddesdon, +44 1296 651727
-1.11087, 51.59822, The George, GB-Dorchester on Thames, +44 1865 340404
-0.60756, 50.92932, The White Horse Inn, GB-Sutton, +44 1798 869221
-1.64586, 53.13901, The Miners Standard Inn, GB-Bank Top, +44 1629 650276
-0.03769, 52.29680, The Three Tuns, GB-Fen Drayton, +44 1954 230242
-0.92216, 52.47850, The Three Swans, GB-Market Harborough, +44 1858 466644
-0.96441, 51.60623, The Crowne Inn, GB-Pishill, +44 1491 638364
-1.80858, 51.06381, The Old Mill at Harnham, GB-West Harnham, +44 1722 327517
-3.63782, 51.13400, The Crown Hotel, GB-Exford, +44 1643 831555
-2.99807, 52.49441, The Castle Hotel, GB-Bishops Castle, +44 1588 638403
-0.52376, 53.91962, The Wellington Inn, GB-Lund, +44 1377 217294
-3.18127, 50.99963, The White Horse, GB-Bradford on Tone, +44 1823 461239
-3.57818, 50.35154, The Royal Castle Hotel, GB-Dartmouth, +44 1803 833033
-3.38047, 50.80381, The Five Bells Inn, GB-Clyst Hydon, +44 1884 277288
1.57547, 52.26513, The Westleton Crown, GB-Westleton, +44 1728 648777
1.27176, 52.34467, The De La Pole Arms, GB-Wingfield, +44 1379 384545
-3.47288, 50.63978, The Devon Arms, GB-Kenton, +44 1626 890213
-0.83351, 51.69268, The Rose and Crowne, GB-Saunderton, +44 1844 345299
-3.67475, 50.27441, The Tradesmans Arms, GB-Stokenham, +44 1548 580313
1.37837, 52.49545, The Kings Head, GB-Woodton, +44 1508 482329
-1.62252, 52.06188, The Old Mill Hotel, GB-Shipton On Stour, +44 1608 661880
-1.65475, 51.43035, The Red Lion, GB-Axford, +44 1672 520271
-1.22535, 51.90832, The Jersey Arms, GB-Middleton Stoney, +44 1869 343234
-2.51649, 50.94598, The Half Moon, GB-Sherborne, +44 1935 812017
-3.65072, 50.38842, The Hunters Lodge Inn, GB-Cornworthy, +44 1830 732204
-1.45199, 53.14895, The White Horse, GB-Wooley Moor, +44 1246 590319
-4.82169, 50.59222, Portgaverne Hotel, GB-Portgaverne, +44 1208 880244
-0.72562, 51.02407, The Duke of Cumberland Arms, GB-Henley, +44 1428 652280
-4.54913, 50.90716, The Bush Inn, GB-Morwenstow, +44 1288 331242
-2.22933, 51.47246, The White Hart, GB-Ford, +44 1249 82213
-1.80053, 52.93876, The Crowne Inn, GB-Marston Mongomery, +44 1889 590541
-3.83236, 51.23169, The Rising Sun, GB-Lynmouth, +44 1598 753223
-0.85878, 54.26008, The Fox and Hounds, GB-Sinnington, +44 1751 431577
-3.65584, 50.29353, The Tower Inn, GB-Slapton, +44 1548 580216
-1.99302, 55.03216, The Queens Head Inn, GB-Great Whittington, +44 1434 672267
-1.79853, 52.23830, The Kings Head, GB-Aston Cantlow, +44 1789 488242
-0.84937, 52.68735, The Old Brewery, GB-Somerby, +44 1664 454777
0.89410, 51.99087, The Angel, GB-Stoke by Nayland, +44 1206 262816
-1.48826, 50.76920, The East End Arms, GB-East End, +44 1590 626223
-3.42796, 50.64843, The Redwing Inn, GB-Lympstone, +44 1395 222156
-0.53818, 53.23574, The Lion and Snake, GB-Lincoln, +44 1522 523770
-2.13077, 51.09580, The Angel Inn, GB-Hindon, +44 1747 820696
-2.61251, 53.02773, The Dusty Miller, GB-Wrenbury, +44 1270 780537
-3.08811, 52.78024, The Bradford Inn, GB-Llanymynech, +44 1691 830582
-0.77662, 51.70650, The Hampden Arms, GB-Great Hampden, +44 1494 488255
-2.38711, 53.26380, The Bells of Peover, GB-Lower Peover, +44 1565 722269
-1.26421, 53.85020, The Plough Inn, GB-Saxton, +44 1937 557242
-1.31462, 51.05843, The Wykeham Arms, GB-Winchester, +44 1962 853834
-2.43540, 55.17169, The Pheasant Inn, GB-Stannerburn, +44 1434 240382
-2.67135, 51.22476, The Wookey Hole Inn, GB-Wookey Hole, +44 1749 676677
-4.17273, 51.19677, The Grampus, GB-Lee, +44 1271 862906
-2.20347, 51.35396, The Tolgate Inn, GB-Ham Green, +44 1225 782326
-2.36803, 51.38738, The Richmond Arms, GB-Bath, +44 1225 823333
-2.05769, 53.18426, The Ship, GB-Wincle, +44 1260 227217
-1.33797, 51.23025, The Red House, GB-Whitchurch, +44 1256 895558
-0.64246, 52.91298, The Angel and Royal, GB-Grantham, +44 1476 565816
-0.62200, 50.86488, The Spur Hotel, GB-Slindon Common, +44 1243 814635
-1.60357, 52.13611, The Chequers, GB-Ettington, +44 1789 740387
-0.72540, 51.03489, The Kings Arms, GB-Fernhurst, +44 1428 652005
-1.98541, 54.57352, The Fox and Hounds Country Inn, GB-Cotherstone, +44 1833 650241
-4.30344, 50.45514, The Weary Friar, GB-Pillaton, +44 1579 350238
-0.19632, 51.48604, The Atlas, GB-Fulham, +44 20 7385 9129
-0.81136, 53.07891, The Castle Barge, GB-Newark, +44 1636 677320
-2.68694, 51.20762, The Burcott Inn, GB-Wookey, +44 1749 873874
-1.57232, 53.03606, The Black Swan, GB-Idrigehay, +44 1773 550249
-0.53842, 53.23348, The Wig and Mitre, GB-Lincoln, +44 1522 535190
0.89152, 51.31918, The Albion Tavern, GB-Faversham, +44 1795 591411
-1.61240, 50.92152, The Bell Inn, GB-Brook, +44 23 8081 2214
-3.70267, 50.46386, The Sea Trout, GB-Staverton, +44 1803 762274
-0.93008, 51.96562, The Old Thatched Inn, GB-Adstock, +44 1296 712584
0.79290, 52.10583, The Cock, GB-Lavenham, +44 1787 247407
-2.06130, 54.02468, The Angel Inn, GB-Hetton, +44 1756 730263
-1.61203, 53.01920, The Black Horse Inn, GB-Hulland Ward, +44 1335 370206
-2.79794, 51.33114, The crown, GB-Churchill, +44 1934 852995
1.20318, 52.42545, The Old Ram Coaching Inn, GB-Tivetshall St Mary, +44 1379 676794
-1.87783, 54.92762, The Feathers, GB-Hedley On The Hill, +44 1661 843607
-2.26415, 55.72021, The Wheatsheaf, GB-Duns, +44 1890 860257
1.21523, 52.19207, The Dobermann Inn, GB-Framsden, +44 1473 890461
-0.86938, 51.34839, The Golden Pot, GB-Eversley, +44 118 973 2104
-2.33086, 50.82558, The Poachers Inn, GB-Piddletrenthide, +44 1300 348358
-1.54498, 53.99328, The Drum and Monkey, GB-Harrogate, +44 1423 502650
-3.77197, 50.27650, The Crabshell Inn, GB-Kingsbridge, +44 1548 852345
-0.47315, 52.46953, The Mill, GB-Oundle, +44 1832 272621
-1.39499, 54.09399, The Black Bull, GB-Boroughbridge, +44 1423 322413
-0.58438, 51.96157, The Red Lion, GB-Milton Bryan, +44 1525 210044
-1.10513, 52.80578, The Hammer and Pincers, GB-Wymeswold, +44 1509 880735
-0.11010, 51.52442, The Eagle, GB-Clarkenwell, +44 20 7837 1353
-1.34462, 52.86784, The Clock Warehouse, GB-Shardlow, +44 1332 792844
-0.98197, 51.74927, The Old Trout, GB-Thame, +44 1844 212146
-0.73060, 52.66986, The Admiral Hornblower Hotel, GB-Oakham, +44 1572 759529
-2.03078, 52.19300, The Boot, GB-Flyford Flavell, +44 1386 462658
-1.56129, 54.59708, The County, GB-Aycliffe, +44 1325 312273
-3.98584, 50.99890, The Rising Sun, GB-Umberleigh, +44 1769 564764
-2.22818, 52.26998, The Crowne and Sandys Arms, GB-Ombersley, +44 1905 620252
-0.73993, 52.76031, The Berkley Arms, GB-Wymondham, +44 1572 787587
-1.36488, 51.87527, The Kings Head Inn, GB-Wooton, +44 1993 811340
-2.67467, 50.84525, The Fox Inn, GB-Corscombe, +44 1935 891330
-1.50124, 51.82378, The Bird in the Hand, GB-Hailey, +44 1993 868321
-3.67316, 50.99486, The Masons Arms Inn, GB-Knowstone, +44 1398 341231
-1.64783, 53.15575, The Druid Inn, GB-Birchover, +44 1629 650302
-1.58158, 51.04509, The Star Inn, GB-East Tytherley, +44 1794 340225
-2.80378, 52.05013, The Ancient Camp Inn, GB-Ruckhall, +44 1981 250449
-1.26747, 51.64560, The Fish, GB-Sutton Courtney, +44 1235 848242
-0.70009, 51.50865, The Waterside Inn, GB-Bray, +44 1628 620691
-1.65797, 53.08495, The Olde Gate Inn, GB-Brassington, +44 1629 540448
-4.09238, 50.60123, The Elephant's Nest Inn, GB-Horndon, +44 1822 810273
-0.81533, 52.91084, The Peacock Inn, GB-Redmile, +44 1949 842554
0.91801, 51.89047, The Rose and Crown, GB-Colchester, +44 1206 866677
-2.04108, 53.53522, The White Hart, GB-Lydgate, +44 1457 872566
-2.66876, 53.04976, The Cholmondeley Arms, GB-Cholmondeley, +44 1829 720300
-1.98754, 50.71416, The Guildhall Tavern, GB-Poole, +44 1202 671717
-5.06625, 50.19477, The Pandora Inn, GB-Mylor Bridge, +44 1326 372678
-2.72004, 52.37324, The Unicorn Inn, GB-Ludlow, +44 1584 873555
1.18669, 51.19378, The Old Coach House, GB-Barnham Downs, +44 1227 831218
-5.49276, 50.14486, The White Hart Inn, GB-Ludgvan, +44 1736 740574
-1.72149, 51.92963, The Royalist Hotel, GB-Stow on the Wold, +44 1451 830670
-2.52050, 53.91719, The Inn at Whitewell, GB-Whitewell, +44 1200 448222
-1.85025, 50.94521, The Compasses Inn, GB-Damerham, +44 1725 828231
-0.99965, 53.18699, The Olde Red Lion, GB-Wellow, +44 1623 861000
-1.66286, 51.93224, The Fox, GB-Lower Oddington, +44 1451 870555
-2.44556, 54.98790, The Milecastle, GB-Haltwhistle, +44 1434 320682
-3.45303, 51.12956, The Royal Oak, GB-Kingsbridge, +44 1984 640319
-2.21323, 51.72236, The Bear Hotel, GB-Rodborough, +44 1453 878522
-2.68549, 50.75807, The Marquis of Lorne, GB-Nettlecombe, +44 1308 485236
-4.20152, 50.33398, The Halfway House, GB-Kingsland, +44 1752 822279
-1.87605, 51.10700, The Bell Inn, GB-South Newton, +44 1722 743336
-1.73123, 52.03861, The Churchill Arms, GB-Paxford, +44 1386 594000
-1.38108, 51.32742, The Yew Tree Inn, GB-Highclere, +44 1635 253360
-0.69002, 52.73736, The Black Bull, GB-Market Overton, +44 1572 767677
-2.57862, 54.21040, The Pheasant Inn, GB-Casterton, +44 1524 271230
-2.12303, 50.75279, The Cock and Bottle, GB-East Morden, +44 1929 459238
-0.61941, 50.96372, The Badgers, GB-Petworth, +44 1798 342651
-3.79277, 50.70516, The Drewe Arms, GB-Drewsteignton, +44 1647 281224
-1.20616, 51.46705, The Royal Oak, GB-Yattendon, +44 1635 201325
-2.64577, 53.11877, The Dysart Arms, GB-Bunbury, +44 1829 260183
0.08330, 52.03598, The King William IV, GB-Heydon, +44 1763 838773
-2.38220, 51.33818, The Wheatsheaf Inn, GB-Coombe Hay, +44 1225 833504
-0.53121, 52.89821, The Ropsley Fox, GB-Ropsley, +44 1476 585339
0.09854, 52.39613, The Anchor Inn, GB-Sutton Gault, +44 1353 778537
-4.82841, 50.54478, The Malsters Arms, GB-Chapel Amble, +44 1208 812473
-0.12582, 51.51171, The Lamb and Flag, GB-Covent Garden, +44 20 7497 9504
-2.73004, 52.55251, The Royal Oak, GB-Cardington, +44 1694 771266
-4.31648, 50.98456, The Hoops Country Inn, GB-Horn's Cross, +44 1237 451222
-1.20217, 52.41662, The White Swan Inn, GB-Shawell, +44 1788 860357
-0.81666, 53.34638, The Reindeer Inn, GB-Sturton Le Steeple, +44 1427 880298
-1.71803, 51.36942, The Royal Oak, GB-Wooton Rivers, +44 1672 810823
-2.28362, 52.05632, The Anchor Inn, GB-Welland, +44 1684 592317
-0.59460, 50.98031, The Black Horse, GB-Byworth, +44 1798 342424
0.52144, 52.19037, The Star Inn, GB-Lidgate, +44 1638 500275
0.40409, 51.14669, The Halfway House, GB-Brenchley, +44 1892 722526
-0.58235, 53.05930, The George Hotel, GB-Leadenham, +44 1400 272251
0.13782, 50.83145, The Rose Cottage Inn, GB-Alciston, +44 1323 870377
-2.84422, 52.28245, The Riverside Inn, GB-Aymestrey, +44 1568 708440
1.01468, 52.95420, The Kings Arms, GB-Blakeney, +44 1263 740341
-3.44967, 50.61676, The Anchor, GB-Cockwood, +44 1626 890203
-1.31909, 52.41209, The Golden Lion Inn, GB-Easenhall, +44 1788 832265
-1.31027, 53.16656, The Hardwick Inn, GB-Doe Lea, +44 1246 850245
-3.21977, 51.17913, The Hood Arms, GB-Kilve, +44 1278 741210
-1.95208, 54.04680, The Red Lion Hotel, GB-Burnsall, +44 1756 720204
0.86861, 52.09183, The Swann Inn, GB-Monks Eleigh, +44 1449 741391
-2.00971, 54.59387, Rose and Crown Inn, GB-Romaldkirk, +44 1833 650213
0.50391, 52.87945, The Rose and Crown, GB-Snettisham, +44 1485 541382
-1.32154, 51.54013, The Harrow, GB-West Ilsley, +44 1635 281260
0.14436, 51.74454, The Rainbow and Dove, GB-Hastingwood, +44 1279 415419
-2.24729, 54.97303, The General Havelock Inn, GB-Haydon Bridge, +44 1434 684376
-0.48505, 53.91285, The Rockingham Arms, GB-Lockington, +44 1430 810607
-1.63944, 51.80820, The Lamb Inn, GB-Burford, +44 1993 823155
-3.32467, 51.05406, The Three Horseshoes, GB-Langley Marsh, +44 1984 623763
0.80412, 51.59573, The Plough and Sail, GB-Paglesham, +44 1702 258242
-3.12931, 50.69364, The Mason's Arms, GB-Branscombe, +44 1297 680300
-3.63490, 50.58491, The Claycutters Arms, GB-Chudleigh Knighton, +44 1626 853566
0.09340, 52.81324, The Chequers, GB-Gedney Dyke, +44 1406 362666
-1.42494, 51.96060, The Falkland Arms, GB-Great Tew, +44 1608 683653
0.83101, 52.53430, The Chequers Inn, GB-Thompson, +44 1953 483360
-0.44882, 52.79472, The Black Horse, GB-Grimsthorpe, +44 1778 591247
-1.89044, 51.74508, The Village Pub, GB-Barnsley, +44 1285 740421
-1.73346, 53.01951, The Bramhalls, GB-Ashbourne, +44 1335 346158
-4.26437, 50.42213, The Crooked Inn, GB-Saltash, +44 1752 848177
-1.96183, 53.37892, The Walzing Weasel, GB-Birch Vale, +44 1663 743402
0.20914, 52.03412, The Queens Head, GB-Littlebury, +44 1799 522251
-1.43746, 51.99844, The White Swan, GB-Wigginton, +44 1608 737669
1.55570, 52.33653, The Queens Head Inn, GB-Blyford, +44 1502 478404
-2.81242, 52.83549, The Burlton Inn, GB-Burlton, +44 1939 270204
-3.52552, 50.65997, The Ley Arms, GB-Kenn, +44 1392 832341
-1.38534, 51.40498, The Red House, GB-Marsh Benham, +44 1635 582017
-1.93534, 54.86497, The Manor House Inn, GB-Caterway Heads, +44 1207 255268
-0.98286, 52.92632, The Plough Inn, GB-Cropwell Butler, +44 115 933 3124
-1.59762, 51.85942, Shaven Crowne Hotel, GB-Shipston under Wychwood, +44 1993 830330
-5.27425, 50.05545, The Halzephorn Inn, GB-Gunwalloe, +44 1326 240406
-0.34802, 51.09016, The Sussex Oak, GB-Warnham, +44 1403 265028
-1.87058, 50.84624, The Old Barn Farm, GB-Three Legged Cross, +44 1202 812901
-0.16251, 51.46708, The Fox and Hounds, GB-Westminster, +44 20 7924 5483
0.79608, 52.10906, The Angel Hotel, GB-Lavenham, +44 1787 247388
-3.07458, 50.83652, The Kings Arms, GB-Stockland, +44 1404 881361
-1.03160, 51.63289, The Goose, GB-Britwell Salome, +44 1491 612308
-1.59351, 54.20417, The Bruce Arms, GB-West Tanfield, +44 1677 470325
-2.26834, 50.67052, The Countryman Inn, GB-East Knighton, +44 1305 852666
1.22850, 52.81059, The Buckinghamshire Arms, GB-Blickling, +44 1263 732133
-2.00065, 54.42195, The Charles Bathhurst, GB-Langthwaite, +44 1748 884567
-3.11586, 52.37919, The Red Lion, GB-Llanfair Waterdine, +44 1547 528214
-1.72414, 53.24054, The Monsal Head, GB-Monsal Head, +44 1629 640566
-0.58020, 52.53689, The Queens Head, GB-Bulwick, +44 1780 450272
-2.01678, 53.39348, The Oddfellows Arms, GB-Mellor, +44 161 449 7826
-2.20188, 51.51959, The Neeld Arms, GB-Grittleton, +44 1249 782470
-2.58247, 53.01833, The Bhurtpore, GB-Aston, +44 1270 780917
-2.21958, 51.69750, The Egypt Mill, GB-Nailsworth, +44 1453 833449
0.72388, 52.58287, The Windmill Inn, GB-Water End, +44 1760 756232
-1.86542, 52.09167, The Fleece Inn, GB-Bretforton, +44 1386 831173
-0.05121, 50.91979, The Jolly Sportsman, GB-East Chiltington, +44 1273 890400
-2.50867, 53.68913, The Royal Arms, GB-Tockholes, +44 1254 705373
-2.72739, 50.70390, The Anchor, GB-Burton Bradstock, +44 1308 897228
-0.97327, 51.30240, The Falcon, GB-Rotherwick, +44 1256 762586
-1.61365, 53.18884, The Grouse and Claret, GB-Rowsley, +44 1629 733233
-1.86119, 52.03618, The Lygon Arms, GB-Broadway, +44 1386 852255
0.13531, 50.92921, The Black Lion Inn, GB-Halland, +44 1825 840304
-1.01213, 54.23075, The Star, GB-Harome, +44 1439 770397
0.19658, 51.94579, The Cricketers Arms, GB-Rickling Green, +44 1799 543210
-1.82055, 54.13513, The Yorke Arms, GB-Ramsgill, +44 1423 755243
0.85174, 52.32701, The Six Bells Inn, GB-Bardwell, +44 1359 250820
0.04318, 52.22584, The Three Horseshoes, GB-Madingley, +44 1954 210221
-2.64538, 51.93436, The Lough Pool Inn, GB-Sellack, +44 1989 730236
-2.76730, 53.62883, The Red Lion Inn, GB-Mawdesley, +44 1704 822208
0.52032, 52.22654, The Affleck Arms, GB-Dalham, +44 1638 500306
-0.03387, 51.50894, The Grapes, GB-Poplar, +44 20 7987 4396
-1.44467, 51.16596, The White Lion, GB-Wherwell, +44 1264 860317
-1.87141, 52.14242, The Kings Arms, GB-Cleeve Prior, +44 1789 773335
-4.75754, 50.64485, The Port William, GB-Tintagel, +44 1840 770230
1.16829, 51.18149, The Jackdaw, GB-Denton, +44 1303 844 663
1.31381, 52.04015, The Fox Inn, GB-Newbourne, +44 1473 736307
-0.60306, 52.58994, The Exeter Arms, GB-Barrowden, +44 1572 747247
-2.03736, 51.06420, The Compasses, GB-Lower Chicksgrove, +44 1722 714318
-0.85949, 52.94234, The Manor Arms, GB-Elton, +44 1949 850272
-4.98488, 50.21575, The Roseland, GB-Philleigh, +44 1872 580254
-0.44751, 52.91203, The Red Lion, GB-Newton, +44 1529 497256
-2.32482, 51.30093, The George Inn, GB-Norton St Phillip, +44 1373 834224
-1.77865, 54.26934, The Blue Lion, GB-East Witton, +44 1969 624273
-1.83656, 51.33323, The Seven Stars, GB-Bottleford, +44 1672 851325
-2.94933, 50.89358, The Hornsbury Mill, GB-Chard, +44 1460 63317
1.51914, 52.31072, The Queens Head, GB-Bramfield, +44 1986 784214
0.87273, 51.95156, The Rose and Crown, GB-Great Horkesley, +44 1206 271251
-4.10104, 50.57973, The Peter Tavy Inn, GB-Peter Tavy, +44 1822 810348
-0.17039, 51.48326, The Cross Keys, GB-Chelsea, +44 20 7349 9111
-1.04432, 52.91418, The Rose and Crowne, GB-Cotgrave, +44 115 989 2245
-2.28798, 52.16769, The Bear and Raggged Staff, GB-Bransford, +44 1886 833399
0.00602, 52.20632, The Blue Lion, GB-Hardwick, +44 1954 210328
-2.71912, 50.74554, The Loders Arms, GB-Loders, +44 1308 422431
-1.67553, 53.60787, The Three Acres Inn, GB-Shelly, +44 1484 602606
-2.87431, 52.15887, The Salutation Inn, GB-Weobley, +44 1544 318443
-0.89648, 51.67883, The Sir Charles Napier, GB-Chinnor, +44 1494 483011
-2.25088, 51.34786, The Dandylion, GB-Bradford Upon Avon, +44 1225 863433
-2.36260, 52.30752, The Manor Arms Country Inn, GB-Abberley, +44 1299 896507
-1.97896, 51.86675, The Kilkeney Inn, GB-Andoversford, +44 1242 820341
-1.77539, 54.10526, The Sportsman's Arms, GB-Wath in Nidderdale, +44 1423 711306
-0.77084, 52.65133, The Blue Ball, GB-Braunston, +44 1572 722135
-2.24717, 50.62622, The Castle Inn, GB-West Lulworth, +44 1929 400311
-1.73596, 53.29803, The Queen Anne, GB-Great Hucklow, +44 1298 871246
-3.52379, 50.77385, The Agricultural Inn, GB-Brampford Speke, +44 1392 841868
-2.29209, 54.00774, The Plough Inn, GB-Wigglesworth, +44 1729 840243
-2.41529, 53.88877, The Lower Buck Inn, GB-Waddington, +44 1200 423342
1.19085, 52.54402, The Bird in Hand, GB-Wreningham, +44 1508 489438
-1.63869, 52.00907, The Fox and Hounds, GB-Great Wolford, +44 1608 674220
-1.31376, 52.01616, The Red Lion Hotel, GB-Adderbury, +44 1295 810269
-0.44076, 52.52697, The Falcon, GB-Fotheringhay, +44 1832 226254
-2.82447, 54.34906, The Sun, GB-Crook, +44 1539 821351
-5.13571, 50.09263, The Shipwright Arms, GB-Helford, +44 1326 231235
-0.55024, 51.02937, The Half Moon, GB-Kirdford, +44 1403 820223
-0.50412, 51.26242, The Onslow Arms Inn, GB-West Clandon, +44 1483 222764
-0.72605, 52.95325, The Welby Arms, GB-Allington, +44 1400 281361
-1.00541, 52.80804, The Crown, GB-Old Dalby, +44 1664 823134
0.27641, 51.36711, The Rising Sun Inn, GB-Fawkham, +44 1474 872291
-1.86292, 52.03587, The Broadway Hotel, GB-Broadway, +44 1386 852401
-1.79000, 51.74433, The New Inn, GB-Coln St Aldwyns, +44 1285 750651
-3.27741, 50.83502, The Drewe Arms, GB-Broadhembury, +44 1404 841267
-1.81116, 55.08786, The Highlander, GB-Belsay, +44 1661 881220
-1.50998, 54.04346, The Malt Shovel, GB-Brearton, +44 1423 862929
0.98306, 51.31526, The Dove Inn, GB-Dargate, +44 1227 751360
-0.64216, 52.91412, The Blue Pig, GB-Grantham, +44 1476 563704
-2.75821, 51.02561, The Devonshire Angel, GB-Long Sutton, +44 1458 241271
-2.63660, 52.56148, The Wenlock Edge Inn, GB-Wenlock Edge, +44 1746 785678
-3.80898, 50.29853, The Church House Inn, GB-Churchstow, +44 1548 852237
-1.50584, 51.67788, The Lamb Inn, GB-Buckland, +44 1367 870484
-0.75760, 51.72580, The Rising Sun, GB-Little Hampden, +44 1494 488360
-0.54805, 53.15025, The Thorold Arms, GB-Harmston, +44 1522 720358
0.03409, 50.99274, The Griffin, GB-Fleching, +44 1825 722890
-0.46882, 52.36804, The Pheasant, GB-Keyston, +44 1832 710241
-1.63253, 53.28439, The Chequers Inn, GB-Froggartt, +44 1433 630231
-0.96446, 54.29569, The Plough Inn, GB-Fadmoor, +44 1751 431515
-3.73683, 50.58149, The Rock Inn, GB-Haytor Vale, +44 1364 661242
-0.73860, 50.90928, The Fox Goes Free, GB-Charlton, +44 1243 811461
-3.86103, 50.38677, The Ship Inn, GB-Ugborough, +44 1752 892565
-0.93014, 52.28917, Spencer Arms, GB-Chapel Brampton, +44 1604 842237
-1.29903, 54.36785, The Three Tuns Inn, GB-Osmotherley, +44 1609 883301
-2.31101, 53.25841, The Dog Inn, GB-Knutsford, +44 1625 861421
-0.16687, 51.51966, The Chapel, GB-Regents Park, +44 20 7402 9220
0.67931, 52.14047, The Crown, GB-Hartest, +44 1284 830250
-2.10125, 51.08023, The Beckford Arms, GB-Fonthill Gifford, +44 1747 870385
-0.28692, 51.48835, The Bulls Head, GB-Chiswick, +44 20 8994 1204
-0.11055, 51.50256, The Fire Station, GB-Bermondsey, +44 20 7620 2226
-0.77316, 51.97330, The Crooked Billet, GB-Newton Longville, +44 1908 373936
-2.47449, 51.18777, The Strode Arms, GB-West Cranmore, +44 1749 880450
-0.28835, 52.48787, The Bell Inn, GB-Stilton, +44 1733 241066
-0.09839, 51.53463, The Duke Of Cambridge, GB-Islington, +44 20 7359 1877
-2.19699, 51.17901, The Bath Arms, GB-Crockerton, +44 1985 212262
-1.90748, 53.60997, The Olive Branch, GB-Marsden, +44 1484 844487
-0.98086, 54.20461, The Royal Oak Inn, GB-Nunnington, +44 1439 748271
-2.12793, 51.09437, The Lamb, GB-Hindon, +44 1747 820573
0.72561, 52.94516, The Hoste Arms, GB-Burnham Market, +44 1382 738777
-0.86088, 51.23427, The Hampshire Arms, GB-Crondall, +44 1252 850418
-1.48364, 52.83972, The John Thompson, GB-Stanton by Bridge, +44 1332 862469
-1.89956, 51.15381, The Boot Inn, GB-Berwick St James, +44 1722 790243
-1.17147, 51.05134, The Flowerpots, GB-Cheriton, +44 1962 771318
-4.03232, 50.89146, The Union Inn, GB-Dolton, +44 1805 804633
-1.10899, 50.79246, The Spice Island Inn, GB-Portsmouth, +44 23 9287 0543
-0.66529, 52.71241, The Sun Inn, GB-Cottiesmore, +44 1572 812321
-2.51550, 51.08833, The Horse Pound Inn, GB-Castle Cary, +44 1963 350318
-3.06781, 50.79911, The Tuckers Arms, GB-Dalwood, +44 1404 881342
-1.20053, 51.51310, The Bell, GB-Aldworth, +44 1635 578272
-1.56812, 54.04009, The Boar's Head Hotel, GB-Ripley, +44 1423 771888
-2.30112, 51.33895, The Inn at Freshford, GB-Freshford, +44 1225 722250
-0.51831, 52.81146, The Coachman, GB-Corby Glen, +44 1476 550316
-2.44490, 51.15038, The Three Horse Shoes, GB-Batcombe, +44 1749 850359
-1.83624, 53.14526, Staffordshire Knot, GB-Sheen, +44 1298 84329
-0.97537, 52.01400, The Wheatsheaf, GB-Maids Moreton, +44 1280 815433
-3.03787, 54.43448, The Britannia, GB-Elterwater, +44 1539 437210
-2.65938, 50.69587, The Crowne Inn, GB-Puncknowle, +44 1308 897711
-1.60297, 53.20359, The Devonshire Arms, GB-Beeley, +44 1629 733259
-0.74821, 52.90700, The Rutland Arms, GB-Woolsthorpe, +44 1476 870111
-2.05451, 54.84809, The Lorde Crewe Arms, GB-Blanchland, +44 1434 675251
-2.73787, 50.80795, The Bridge House, GB-Beaminster, +44 1308 862200
-0.99706, 53.18830, The Durham Ox, GB-Wellow, +44 1623 861026
-2.19297, 51.22970, The Angel Inn, GB-Upton Scudamore, +44 1985 213225
-2.05687, 50.63856, The Bankes Arms Hotel, GB-Corfe Castle, +44 1929 480206
-0.10406, 51.52167, The Jerusalem Tavern, GB-Clarkenwell, +44 20 7490 4281
-0.15072, 51.54001, The Engineer, GB-Regents Park, +44 20 7722 0950
-3.20776, 51.11203, The Blue Ball, GB-Triscombe, +44 1984 618242
-1.84199, 53.13106, The Manifold Inn, GB-Hulme End, +44 1298 84537
-2.61783, 53.07188, The Thatch, GB-Faddiley, +44 1270 524223
-0.26562, 51.49795, The Swan, GB-Chiswick, +44 20 8994 8262
-0.64800, 51.18612, The Stag On The River, GB-Lower Eashing, +44 1483 421568
-1.09119, 51.15669, The Yew Tree Inn, GB-Lower Weild, +44 1256 389224
-2.71735, 53.10480, The Pheasant Inn, GB-Burwardsley, +44 1829 770434
-0.84938, 51.52089, The Horns, GB-Crazies Hill, +44 118 940 1416
-0.67110, 52.65923, The Finches Arms, GB-Upper Hambledon, +44 1572 756575
1.67867, 52.32657, The Crown Hotel, GB-Southwold, +44 1502 722275
-2.79068, 53.87961, The Punch Bowl Inn, GB-Churchtown, +44 1995 603360
-2.58654, 50.92621, The Rose and Crown, GB-Bradford Abbas, +44 1935 474506
-1.04147, 53.87542, The Black Bull, GB-Escrick, +44 1904 728245
-2.05291, 51.59925, The Horse and Groom, GB-Charlton, +44 1666 823904
1.11002, 52.57087, The Green Dragon Inn, GB-Wymondham, +44 1953 607907
-2.06082, 50.93616, The Museum Inn, GB-Farnham, +44 1725 516261
0.02946, 52.12632, The Royal Oak, GB-Barrington, +44 1223 870791
-5.01512, 50.15875, The Victory Inn, GB-St Mawes, +44 1326 270324
-1.18573, 51.07135, The Tichbourne Arms, GB-Tichbourne, +44 1962 733760
-0.56462, 52.73427, The Olive Branch, GB-Clipsham, +44 1780 410355
-2.11911, 51.02385, The Forester Inn, GB-Donhead St Andrew, +44 1747 828038
-0.00774, 51.32450, The White Bear, GB-Fickleshole, +44 1959 573166
-2.27661, 50.81515, The Hambro Arms, GB-Milton Abbas, +44 1258 880233
-1.13381, 51.53817, The Letherne Bottel, GB-Goring, +44 1491 872667
-0.59212, 52.66835, The White Horse, GB-Empingham, +44 1780 460221
-1.99202, 51.05623, The Pembroke Arms, GB-Fovant, +44 1722 714201
-2.07637, 51.72733, The Bell Inn, GB-Sapperton, +44 1285 760298
-0.99132, 51.52492, The Greyhound, GB-Rotherfield Peppard, +44 118 972 2227
-2.23202, 53.15122, The Egerton Arms, GB-Astbury, +44 1260 273946
-1.64626, 51.90294, The Kings Head, GB-Bledington, +44 1608 658365
-2.35998, 51.38463, The Pig and Fiddle, GB-Bath, +44 1225 460868
-3.62096, 50.66750, The Nobody Inn, GB-Doddiscombsleigh, +44 1647 252394
-0.05935, 51.50316, The Captain Kidd, GB-Whitechapel, +44 20 7480 5759
-0.50227, 52.62584, The Exeter Arms, GB-Easton On The Hill, +44 1780 757503
-0.96936, 52.98031, The Reindeer, GB-East Bridgford, +44 1949 20227
-2.47430, 50.80918, The Royal Oak, GB-Cerne Abbas, +44 1300 341797
-1.10683, 54.07466, The Rose and Crown, GB-Sutton on the Forrest, +44 1347 811333
-3.05446, 54.18967, The Bay Horse, GB-Ulverston, +44 1229 583972
-3.71276, 50.51387, The Rising Sun, GB-Woodland, +44 1364 652544
-0.09742, 51.52620, The Leopard, GB-Clarkenwell, +44 20 7253 387
-1.74553, 53.06143, The Blue Bell Inn, GB-Tissington, +44 1335 350317
-0.68324, 52.61706, The Kings Arms, GB-Wing, +44 1572 737634
-3.59826, 50.46108, The Church House Inn, GB-Marldon, +44 1803 558279
-0.03632, 52.31753, The Old Ferryboat Inn, GB-Holywell, +44 1480 463227
-1.37762, 51.59247, The Boars Head, GB-Ardington, +44 1235 833254
-2.68867, 51.03302, The Kingsdon Inn, GB-Kingsdon, +44 1935 840543
-0.89956, 53.08173, The French Horn, GB-Upton, +44 1636 812394
-3.74310, 50.79629, The New Inn, GB-Coleford, +44 1363 84242
-0.67945, 51.00048, The Hollist Arms, GB-Lodsworth, +44 1798 861310
-2.73856, 51.24871, The Rodney Stoke Inn, GB-Rodney Stoke, +44 1749 870209
-2.07134, 53.22220, The Hanging Gate, GB-Sutton, +44 1260 252238
-1.91963, 51.08231, The Barford Inn, GB-Barford St Martin, +44 1722 742242
-0.23582, 51.49913, The Anglesea Arms, GB-Hammersmith, +44 20 8749 1291
-1.37604, 51.07968, The Plough, GB-Sparsholt, +44 1962 776353
-1.15761, 52.95367, The Playhouse Cafe Bar, GB-Nottingham, +44 115 941 8467
-1.32261, 51.98206, The Deddington Arms, GB-Deddington, +44 1869 338364
-1.65584, 53.08641, The Miners Arms, GB-Brassington, +44 1629 540222
-4.33431, 50.57650, The Springer Spaniel, GB-Treburley, +44 1579 370424
-1.27218, 51.75266, The White House, GB-Botley, +44 1865 242823
-3.66346, 50.39307, The Maltsters Arms, GB-Bow Creek, +44 1803 732350
-3.90830, 51.18704, The Fox and Goose Inn, GB-Parracombe, +44 1598 763239
-1.15015, 52.95172, Ye Olde Salutation Inn, GB-Nottingham, +44 115 958 9432
-1.19033, 54.21001, The Abbey Inn, GB-Byland Abbey, +44 1347 868204
0.79565, 52.10780, The Swan Hotel, GB-Lavenham, +44 1787 247477
-2.64330, 53.18310, The Alvaney Arms, GB-Cotebrook, +44 1829 760200
-4.99569, 50.52390, The Farmers Arms, GB-St Merryn, +44 1841 520303
-1.66416, 52.13444, The Bell, GB-Alderminster, +44 1789 450414
0.87371, 51.97159, The White Hart, GB-Nayland, +44 1206 263383
-2.17066, 51.39610, The Pear Tree Inn, GB-Whitely, +44 1225 709131
-1.58166, 51.39077, The Harrow Inn, GB-Little Bedwyn, +44 1672 870871
-1.78147, 52.05021, The Noel Arms Hotel, GB-Chipping Campden, +44 1386 840317
-1.28254, 52.09161, The George and Dragon, GB-Chacombe, +44 1295 711500
-1.61787, 53.24613, The Cavendish Hotel, GB-Baslow, +44 1246 582311
-5.53715, 50.08463, The Old Coastguard, GB-Mousehole, +44 1736 731222
-2.46614, 51.08132, The Montague Inn, GB-Shepton Montague, +44 1749 812733
-2.34256, 53.91474, The Spread Eagle, GB-Sawley, +44 1200 441202
-1.00200, 51.77532, The Green Dragon, GB-Haddenham, +44 1844 291403
-1.20634, 51.45387, The Pot Kiln, GB-Frilsham, +44 1635 201366
-1.64034, 53.14042, The Bowling Green, GB-Winster, +44 1629 650219
-0.99069, 51.86273, The Crooked Billet, GB-Ham Green, +44 1296 770239
-0.64057, 52.91214, The Beehive Inn, GB-Grantham, +44 1476 404554
-0.47817, 52.06113, The Knife and Cleaver, GB-Houghton Conquest, +44 1234 740387
-1.38883, 51.11030, The Fox and Hounds, GB-Crawley, +44 1962 776006
-1.00920, 53.09651, The Old Reindeer, GB-Edingley, +44 1623 882252
-0.71014, 52.56310, The Old White Hart, GB-Lyddington, +44 1572 821703
1.08420, 52.29437, The Four Horseshoes, GB-Thornham Magna, +44 1379 678777
0.20373, 51.13108, The Hare, GB-Langton Green, +44 1892 862419
-1.70531, 51.80683, Inn For All Seasons, GB-Little Barrington, +44 1451 844324
-1.44732, 51.40042, The Dundas Arms, GB-Kintbury, +44 1488 658263
-0.86494, 51.88474, The Black Boy, GB-Oving, +44 1296 641258
-0.67495, 50.98958, The Halfway Bridge Inn, GB-Lodsworth, +44 1798 861281
-1.12681, 52.95045, The Lord Nelson, GB-Nottingham, +44 115 911 0069
-1.35503, 51.84756, The Woodstock Arms, GB-Woodstock, +44 1993 811251
